gsis_id,cfb_dominator,cfb_best_dominator,cfb_breakout_age,cfb_final_age,cfb_rec_yards,cfb_rush_yards,cfb_seasons
00-0038589,0.048567,0.072151,,22.98152,288.0,0.0,4.0
00-0038563,0.113659,0.113659,,21.483915,674.0,8.0,4.0
00-0039074,0.083474,0.083474,,21.574264,362.0,0.0,4.0
00-0038618,0.177279,0.177279,,22.250513,1058.0,0.0,3.0
00-0038611,0.154746,0.154746,,22.932238,41.0,899.0,5.0
00-0039146,0.142369,0.243715,21.344285,22.3436,609.0,11.0,4.0
00-0039062,0.047619,0.181891,,21.366188,0.0,-6.0,4.0
00-0038619,0.192099,0.192099,,22.880219,851.0,22.0,1.0
00-0039050,0.063061,0.063061,,22.212183,450.0,4.0,4.0
00-0038576,0.293009,0.293009,23.841205,23.841205,1280.0,3.0,4.0
00-0039067,0.02278,0.176683,,22.360027,22.0,0.0,4.0
00-0039041,0.150869,0.166957,,21.845311,706.0,48.0,3.0
00-0038559,0.137874,0.137874,,22.521561,418.0,47.0,5.0
00-0038573,0.103153,0.110995,,21.971253,424.0,28.0,5.0
00-0039021,0.122167,0.131665,,21.582478,135.0,519.0,4.0
00-0038933,0.005155,0.140012,,22.872005,0.0,0.0,3.0
00-0038979,0.052565,0.153677,,22.368241,418.0,0.0,5.0
00-0039107,0.212817,0.228037,23.843943,24.843258,122.0,239.0,4.0
00-0039065,0.163323,0.163323,,21.634497,635.0,0.0,4.0
00-0038612,0.127356,0.146369,,22.850103,973.0,0.0,4.0
00-0038752,,,,,,,
00-0038547,0.087586,0.087586,,23.926078,386.0,0.0,3.0
00-0038640,0.005945,0.085134,,22.31896,17.0,0.0,3.0
00-0038728,,,,,,,
00-0038839,,,,,,,
00-0038840,,,,,,,
00-0038359,,,,,,,
00-0038705,,,,,,,
00-0038710,,,,,,,
00-0038465,,,,,,,
00-0038896,,,,,,,
00-0038416,,,,,,,
00-0038714,,,,,,,
00-0038476,,,,,,,
00-0038440,,,,,,,
00-0038685,,,,,,,
00-0038720,,,,,,,
00-0038679,,,,,,,
00-0038783,,,,,,,
00-0038797,,,,,,,
00-0038794,,,,,,,
00-0038738,,,,,,,
00-0039398,0.28768,0.28768,23.488022,23.488022,78.0,425.0,6.0
00-0039917,0.309616,0.309616,22.316222,23.315537,88.0,110.0,6.0
00-0039918,0.342763,0.342763,20.785763,21.785079,306.0,410.0,3.0
00-0039376,0.344049,0.344049,19.926078,22.924025,2.0,399.0,5.0
00-0039732,0.311937,0.330803,22.516085,23.5154,116.0,265.0,2.0
00-0039851,0.300725,0.300725,20.005476,21.004791,191.0,511.0,3.0
00-0039923,0.105573,0.105573,,20.613279,50.0,354.0,3.0
00-0039910,0.410024,0.410024,20.703628,22.702259,67.0,1206.0,5.0
00-0040692,0.24531,0.24531,21.675565,21.675565,155.0,1197.0,4.0
00-0039796,0.177778,0.351246,20.539357,22.537988,0.0,-7.0,4.0
00-0039798,0.273211,0.273211,20.525667,21.524983,190.0,1445.0,3.0
00-0039471,,,,,,,
00-0039875,,,,,,,
00-0039794,0.276397,0.311747,17.615332,19.613963,119.0,1002.0,3.0
00-0039746,0.133748,0.188121,,21.007529,236.0,829.0,3.0
00-0039373,0.283846,0.283846,19.986311,19.986311,142.0,1424.0,3.0
00-0039811,0.150957,0.150957,,22.652977,240.0,844.0,3.0
00-0039344,0.201098,0.201098,20.11499,20.11499,252.0,1019.0,3.0
00-0039361,,,,,,,
00-0039738,0.295831,0.295831,21.765914,22.765229,109.0,1240.0,4.0
00-0039405,0.179085,0.179085,,24.03833,250.0,1111.0,5.0
00-0039921,0.153089,0.153089,,21.10883,229.0,905.0,3.0
00-0039814,0.131456,0.131456,,22.965092,299.0,0.0,5.0
00-0039530,,,,,,,
00-0039824,0.170702,0.170702,,22.8282,521.0,0.0,5.0
00-0039912,0.108432,0.108432,,21.215606,679.0,0.0,3.0
00-0039847,0.111336,0.111336,,22.510609,336.0,0.0,4.0
00-0039359,0.107595,0.107595,,23.219713,575.0,0.0,3.0
00-0039356,0.096404,0.136498,,20.43258,577.0,12.0,2.0
00-0039793,0.038931,0.038931,,21.330595,249.0,0.0,3.0
00-0039338,0.003788,0.131334,,20.717317,0.0,0.0,3.0
00-0039420,0.074527,0.081023,,22.214921,503.0,2.0,4.0
00-0039451,,,,,,,
00-0039880,0.363666,0.363666,22.863792,22.863792,1382.0,-1.0,5.0
00-0039747,0.018868,0.15541,,22.253251,0.0,0.0,5.0
00-0039365,0.178284,0.3937,19.572895,22.570842,526.0,26.0,5.0
00-0039920,0.001942,0.134638,,21.448323,14.0,0.0,4.0
00-0039855,0.058393,0.154296,,21.73306,516.0,30.0,4.0
00-0039907,0.114627,0.114627,,21.390828,1087.0,38.0,4.0
00-0039919,0.007461,0.166035,,21.245722,24.0,0.0,4.0
00-0039751,0.073824,0.114706,,22.915811,482.0,18.0,5.0
00-0039894,0.164407,0.178752,,20.347707,864.0,19.0,3.0
00-0039890,0.189974,0.189974,,20.898015,755.0,-4.0,3.0
00-0039342,0.184353,0.184353,,22.587269,1230.0,28.0,5.0
00-0039868,0.142783,0.142783,,20.566735,1383.0,0.0,3.0
00-0039849,0.250494,0.250494,21.05681,21.05681,1210.0,19.0,3.0
00-0039792,0.006148,0.163514,,22.201232,36.0,0.0,3.0
00-0039739,0.199561,0.199561,,22.201232,778.0,10.0,4.0
00-0039893,0.147905,0.147905,,20.898015,1152.0,6.0,3.0
00-0039337,0.1745,0.1745,,20.095825,1500.0,1.0,3.0
00-0039915,0.063841,0.098739,,21.804244,478.0,38.0,3.0
00-0039236,0.0,0.112077,,22.412047,0.0,0.0,4.0
00-0039901,0.0,0.139755,,20.29295,0.0,0.0,3.0
00-0039916,0.179455,0.179455,,22.976044,917.0,62.0,5.0
00-0039810,0.157496,0.157496,,22.176591,783.0,0.0,4.0
00-0039874,0.136522,0.136522,,20.418891,134.0,1038.0,3.0
00-0039703,,,,,,,
00-0039853,,,,,,,
00-0039491,,,,,,,
00-0039391,0.239666,0.240286,21.010267,22.009582,187.0,1643.0,4.0
00-0039577,,,,,,,
00-0039355,0.168671,0.204439,19.416838,22.414784,952.0,129.0,5.0
00-0039363,0.147009,0.147009,,23.175907,234.0,863.0,4.0
00-0039384,0.207369,0.207369,23.772758,23.772758,136.0,716.0,6.0
00-0029604,,,,,,,
00-0039737,0.031709,0.031709,,21.954825,203.0,0.0,3.0
00-0039364,0.081562,0.081562,,22.08898,199.0,286.0,1.0
00-0039410,,,,,,,
00-0039394,0.101062,0.101062,,22.488706,647.0,0.0,5.0
00-0039754,0.018318,0.062606,,23.578371,186.0,0.0,4.0
00-0039884,0.109884,0.109884,,22.294319,945.0,10.0,5.0
00-0039424,0.176882,0.176882,,25.71937,560.0,0.0,4.0
00-0039534,,,,,,,
00-0039623,,,,,,,
00-0039299,,,,,,,
00-0039869,,,,,,,
00-0040078,0.292391,0.292391,21.393566,21.393566,327.0,1330.0,4.0
00-0040586,0.157559,0.157559,,20.648871,300.0,718.0,3.0
00-0040438,,,,,,,
00-0040651,,,,,,,
00-0040177,0.228117,0.228117,20.427105,20.427105,167.0,1283.0,3.0
00-0040162,0.099139,0.291806,19.964408,19.964408,0.0,20.0,3.0
00-0040206,0.19408,0.19408,,21.968515,34.0,919.0,4.0
00-0040179,0.21059,0.21059,21.01848,21.01848,213.0,1354.0,3.0
00-0040466,,,,,,,
00-0040187,0.077554,0.077554,,21.292266,363.0,0.0,4.0
00-0040583,,,,,,,
00-0040653,0.305021,0.305021,21.566051,22.568104,980.0,1.0,4.0
00-0040202,0.295267,0.295267,18.056126,21.05681,254.0,1247.0,4.0
00-0040589,0.239036,0.239036,21.850787,23.852156,48.0,117.0,6.0
00-0040551,,,,,,,
00-0040244,0.104782,0.104782,,21.462012,539.0,0.0,4.0
00-0040715,,,,,,,
00-0040009,0.194757,0.194757,,22.776181,628.0,334.0,5.0
00-0040729,0.191511,0.191511,,21.705681,1004.0,0.0,4.0
00-0040130,0.161367,0.161367,,21.713895,1157.0,0.0,3.0
00-0040237,0.115417,0.148029,,22.291581,819.0,-1.0,5.0
00-0040704,0.292569,0.292569,22.67488,23.676934,19.0,320.0,6.0
00-0040737,0.071026,0.071026,,21.489391,504.0,0.0,4.0
00-0040730,,,,,,,
00-0040719,0.299822,0.344569,20.544832,22.546201,78.0,1165.0,3.0
00-0040556,,,,,,,
00-0040134,,,,,,,
00-0040189,0.0,0.145825,,21.188227,0.0,0.0,4.0
00-0040014,0.345642,0.345642,21.952088,21.952088,39.0,156.0,4.0
00-0040198,0.24489,0.290785,19.627652,20.629706,167.0,863.0,3.0
00-0040154,0.272158,0.272158,21.467488,21.467488,1126.0,23.0,4.0
00-0040648,0.073398,0.249336,19.756331,21.7577,325.0,22.0,5.0
00-0040736,0.0,0.066708,,20.317591,0.0,0.0,3.0
00-0040170,0.264652,0.264652,21.24846,21.24846,831.0,0.0,2.0
00-0040234,0.05487,0.081817,,21.467488,376.0,113.0,3.0
00-0040667,0.15214,0.15214,,21.086927,854.0,0.0,3.0
00-0040584,0.125997,0.125997,,21.98768,732.0,0.0,3.0
00-0040782,,,,,,,
00-0040142,0.314714,0.314714,21.051335,21.051335,188.0,1526.0,3.0
00-0040646,0.122407,0.148181,,21.535934,720.0,3.0,2.0
00-0040663,0.259494,0.259494,20.117728,20.117728,1446.0,65.0,3.0
00-0040666,0.352358,0.352358,20.462697,21.46475,378.0,1688.0,3.0
00-0040691,0.061321,0.153769,,21.305955,0.0,0.0,4.0
00-0040727,0.166496,0.205935,21.505818,22.507871,1015.0,0.0,4.0
00-0040673,0.282565,0.282565,21.71937,21.71937,446.0,928.0,4.0
00-0040203,0.1875,0.316888,21.935661,22.937714,0.0,0.0,5.0
00-0040784,0.195245,0.263208,18.841889,20.843258,163.0,1147.0,3.0
00-0040129,0.117864,0.152257,,21.883641,925.0,38.0,4.0
00-0040400,,,,,,,
00-0040205,0.235784,0.235784,21.91102,21.91102,35.0,963.0,3.0
00-0040126,0.190492,0.190492,,20.396988,553.0,2.0,3.0
00-0040128,0.268881,0.268881,22.275154,22.275154,1146.0,193.0,4.0
00-0040735,0.128333,0.178491,,20.722793,622.0,125.0,3.0
00-0040522,,,,,,,
00-0040739,,,,,,,
00-0040676,,,,,,,
00-0040218,0.039464,0.126828,,21.971253,312.0,3.0,4.0
00-0040668,0.428513,0.428513,20.563997,22.565366,247.0,306.0,4.0
00-0040124,0.360209,0.360209,20.40794,21.409993,1319.0,0.0,3.0
00-0040122,0.334542,0.334542,20.750171,20.750171,138.0,2599.0,3.0
00-0040734,0.160421,0.215502,18.861054,21.861739,191.0,1033.0,4.0
00-0040718,0.148497,0.148497,,21.292266,1098.0,5.0,3.0
00-0040644,0.124572,0.194977,,20.147844,194.0,630.0,3.0
00-0040242,,,,,,,
00-0040236,0.290018,0.290018,21.237509,22.239562,75.0,1224.0,4.0
00-0040669,0.075854,0.077347,,22.529774,546.0,0.0,2.0
00-0040138,0.22284,0.22284,21.993155,21.993155,1176.0,40.0,4.0
00-0040582,0.121796,0.121796,,22.89117,756.0,54.0,5.0
00-0040705,0.146446,0.146446,,22.715948,783.0,0.0,5.0
00-0040581,0.151021,0.151021,,21.754962,556.0,0.0,3.0
00-0040563,,,,,,,
00-0040208,0.29491,0.29491,21.303217,22.30527,185.0,1497.0,5.0
00-0040238,0.264193,0.264193,19.071869,20.073922,525.0,1023.0,3.0
00-0040743,0.182733,0.235412,20.928131,24.928131,0.0,135.0,6.0
00-0040131,0.281141,0.281141,21.801506,21.801506,1190.0,57.0,5.0
00-0040172,0.170114,0.170114,,22.543463,906.0,20.0,5.0
00-0040164,0.15359,0.15359,,22.338125,470.0,111.0,5.0
00-0040194,0.031842,0.048808,,23.737166,195.0,0.0,4.0
00-0040184,,,,,,,
00-0040075,0.107766,0.231712,21.42642,22.428474,852.0,0.0,5.0
00-0040211,0.056718,0.319612,21.735797,23.737166,71.0,79.0,6.0
00-0040590,0.140992,0.154652,,21.856263,803.0,0.0,4.0
00-0040081,,,,,,,
00-0040534,,,,,,,
00-0040558,,,,,,,
00-0040277,,,,,,,
00-0040259,,,,,,,
00-0040024,,,,,,,
00-0040785,,,,,,,
00-0040876,0.100693,0.166113,,22.264203,727.0,0.0,4.0
00-0041562,0.15945,0.170126,,21.919233,54.0,400.0,3.0
00-0041561,,,,,,,
00-0040887,0.056097,0.080868,,22.934976,394.0,7.0,4.0
00-0041489,0.154494,0.154494,,21.749487,866.0,107.0,4.0
00-0041568,0.086255,0.086255,,22.696783,15.0,292.0,4.0
00-0041511,0.190373,0.190373,,21.716632,885.0,74.0,3.0
00-0041326,,,,,,,
00-0041510,0.069978,0.155928,,22.151951,427.0,0.0,3.0
00-0041438,0.058824,0.179143,,20.616016,0.0,0.0,3.0
00-0041029,0.230006,0.265577,20.054757,21.054073,701.0,4.0,3.0
00-0041116,0.0,0.097128,,21.434634,0.0,0.0,3.0
00-0041042,0.030303,0.205573,20.016427,22.017796,0.0,0.0,5.0
00-0041512,0.160863,0.160863,,21.897331,87.0,616.0,3.0
00-0041027,0.285228,0.285228,20.25462,20.25462,277.0,1092.0,3.0
00-0040886,,,,,,,
00-0041565,0.05357,0.079708,,21.483915,102.0,200.0,4.0
00-0040870,0.099297,0.099297,,21.073238,735.0,0.0,3.0
00-0040867,0.163473,0.163473,,21.24846,1110.0,15.0,3.0
00-0041523,0.0,0.11449,,21.979466,0.0,0.0,4.0
00-0041070,,,,,,,
00-0041547,,,,,,,
00-0041503,0.070776,0.070776,,23.991786,188.0,5.0,5.0
00-0041040,0.094754,0.124423,,21.13347,526.0,78.0,4.0
00-0040888,0.154544,0.154544,,21.13347,266.0,784.0,4.0
00-0041056,0.171911,0.191258,,21.894593,117.0,230.0,4.0
00-0040878,,,,,,,
00-0041092,0.343401,0.343401,21.87269,22.872005,59.0,977.0,5.0
00-0041472,0.061278,0.061278,,22.956879,248.0,0.0,3.0
00-0041094,0.048081,0.140053,,22.332649,208.0,0.0,4.0
00-0041525,0.0,0.167695,,21.234771,0.0,0.0,4.0
00-0041257,,,,,,,
00-0041048,,,,,,,
00-0041041,,,,,,,
00-0041044,0.133043,0.133043,,21.42642,794.0,7.0,3.0
00-0041558,0.0,0.124494,,21.98768,0.0,0.0,4.0
00-0040894,0.077145,0.077145,,22.874743,534.0,-4.0,3.0
00-0041032,0.073389,0.073389,,20.495551,508.0,6.0,3.0
00-0041132,,,,,,,
00-0040891,0.158449,0.158449,,22.850103,3.0,829.0,4.0
00-0041293,,,,,,,
00-0041013,0.270642,0.270642,21.894593,21.894593,278.0,1440.0,3.0
00-0041529,0.160476,0.160476,,21.976728,736.0,76.0,4.0
00-0041277,,,,,,,
00-0040955,,,,,,,
00-0041496,0.252045,0.255933,21.034908,22.034223,344.0,757.0,4.0
00-0041037,0.202983,0.202983,21.738535,21.738535,786.0,0.0,4.0
00-0041104,0.239339,0.313068,20.898015,21.897331,165.0,901.0,4.0
00-0041217,,,,,,,
00-0041483,0.110928,0.214053,21.382615,22.38193,677.0,2.0,3.0
00-0040981,,,,,,,
00-0041047,0.189724,0.189724,,21.859001,968.0,0.0,4.0
00-0041216,,,,,,,
00-0041550,0.02381,0.180532,,22.105407,0.0,0.0,4.0
00-0030061,,,,,,,
00-0040953,,,,,,,
00-0041100,0.0,0.110655,,22.45859,0.0,0.0,4.0
00-0041077,,,,,,,
00-0040939,,,,,,,
00-0041443,,,,,,,
00-0041129,,,,,,,
00-0040906,0.174292,0.174292,,23.56742,7.0,79.0,5.0
00-0041096,0.31163,0.31163,22.647502,22.647502,74.0,1175.0,4.0
00-0041084,0.120256,0.177713,,21.593429,621.0,0.0,4.0
00-0041004,,,,,,,
00-0041051,0.078007,0.116831,,21.546886,279.0,99.0,4.0
00-0040890,0.1066,0.133298,,22.554415,567.0,50.0,4.0
00-0041052,0.113659,0.113659,,23.874059,36.0,965.0,4.0
00-0041149,,,,,,,
00-0040998,,,,,,,
00-0041035,,,,,,,
00-0041178,,,,,,,
00-0040959,,,,,,,
00-0041067,0.163356,0.163356,,23.033539,895.0,92.0,3.0
00-0041395,0.0,0.088832,,21.552361,0.0,0.0,3.0
00-0040901,0.088215,0.088215,,21.557837,512.0,0.0,1.0
00-0041490,0.330288,0.330288,21.097878,22.097194,924.0,506.0,3.0
00-0041125,0.192465,0.240518,22.858316,23.857632,126.0,710.0,3.0
00-0041251,,,,,,,
00-0041579,0.070394,0.117879,,23.055441,368.0,0.0,4.0
00-0041398,,,,,,,
00-0041524,0.044995,0.046198,,22.551677,168.0,0.0,4.0
00-0041087,,,,,,,
00-0041312,,,,,,,
00-0041069,,,,,,,
00-0041397,0.061344,0.061344,,23.482546,157.0,76.0,3.0
00-0041099,0.089228,0.111917,,21.722108,386.0,33.0,4.0
00-0041467,,,,,,,
00-0041133,0.0,0.101893,,24.668036,0.0,0.0,3.0
00-0040930,,,,,,,
00-0030565,,,,,,,
00-0040948,,,,,,,
00-0029892,,,,,,,
00-0041244,,,,,,,
00-0041139,,,,,,,
00-0030564,,,,,,,
00-0030506,,,,,,,
00-0030279,,,,,,,
00-0026158,,,,,,,
00-0031280,,,,,,,
00-0031235,,,,,,,
00-0031381,,,,,,,
00-0031237,,,,,,,
00-0031236,,,,,,,
00-0031408,,,,,,,
00-0031503,0.213456,0.213456,20.651608,20.651608,371.0,204.0,1.0
00-0032268,0.361172,0.361172,20.837782,20.837782,418.0,815.0,1.0
00-0032104,0.352547,0.352547,21.218344,21.218344,208.0,1515.0,1.0
00-0031588,0.134147,0.134147,,20.755647,538.0,28.0,1.0
00-0031610,0.12827,0.12827,,21.965777,296.0,0.0,1.0
00-0031687,,,,,,,
00-0032950,0.048039,0.048039,,21.670089,0.0,49.0,1.0
00-0033106,0.093989,0.093989,,20.881588,153.0,204.0,2.0
00-0032764,0.432035,0.432035,21.6564,21.6564,97.0,1986.0,2.0
00-0032392,0.083143,0.083143,,20.84052,405.0,0.0,2.0
00-0033090,0.103017,0.119105,,20.733744,642.0,0.0,2.0
00-0033119,,,,,,,
00-0032398,0.14071,0.14071,,22.209446,745.0,10.0,2.0
00-0033110,0.062389,0.062389,,22.663929,562.0,0.0,2.0
00-0032775,0.112029,0.238113,19.945243,20.944559,467.0,3.0,2.0
00-0033077,0.443248,0.443248,21.092402,22.091718,69.0,728.0,2.0
00-0033040,,,,,,,
00-0032464,,,,,,,
00-0033869,,,,,,,
00-0033537,0.17217,0.207023,19.964408,20.966461,217.0,580.0,3.0
00-0033897,0.149832,0.149832,,20.106776,335.0,1190.0,2.0
00-0033885,,,,,,,
00-0033280,0.065,0.337267,19.233402,20.235455,0.0,0.0,3.0
00-0033906,0.067164,0.155987,,21.106092,0.0,0.0,2.0
00-0033921,0.084906,0.190618,,20.511978,0.0,0.0,3.0
00-0033908,0.457661,0.536047,22.212183,23.214237,206.0,29.0,3.0
00-0033857,0.036036,0.203285,18.773443,19.775496,0.0,0.0,2.0
00-0033873,0.168421,0.264579,19.956194,20.958248,0.0,0.0,3.0
00-0033217,,,,,,,
00-0033881,0.004202,0.127499,,21.998631,0.0,0.0,3.0
00-0033923,0.203674,0.236515,19.071869,21.073238,356.0,1256.0,3.0
00-0033553,0.066372,0.391627,19.326489,21.327858,0.0,3.0,3.0
00-0033858,0.129593,0.225237,19.028063,21.029432,506.0,5.0,3.0
00-0033526,0.125549,0.324792,18.959617,20.960986,106.0,974.0,3.0
00-0033948,0.173072,0.173072,,21.415469,70.0,1003.0,2.0
00-0033555,0.022222,0.25,22.959617,22.959617,0.0,0.0,3.0
00-0033949,0.159292,0.364299,19.597536,21.598905,0.0,0.0,3.0
00-0033293,,,,,,,
00-0026498,,,,,,,
00-0033288,0.067624,0.067624,,22.896646,259.0,0.0,3.0
00-0033955,0.279463,0.280935,19.682409,20.684463,372.0,1642.0,3.0
00-0033591,0.0,0.058656,,20.654346,0.0,0.0,2.0
00-0033246,,,,,,,
00-0033375,,,,,,,
00-0033376,,,,,,,
00-0033357,,,,,,,
00-0033306,,,,,,,
00-0033307,,,,,,,
00-0033319,,,,,,,
00-0033662,,,,,,,
00-0033725,,,,,,,
00-0033699,,,,,,,
00-0034844,0.265008,0.265008,18.557153,20.558522,454.0,1133.0,3.0
00-0034796,0.081081,0.297863,18.647502,20.648871,0.0,0.0,3.0
00-0034855,0.156463,0.264786,20.383299,22.384668,0.0,0.0,3.0
00-0034869,0.162651,0.276448,20.240931,20.240931,0.0,-5.0,2.0
00-0034775,0.207437,0.207437,20.785763,20.785763,730.0,27.0,3.0
00-0034837,0.173703,0.194316,,22.699521,777.0,17.0,3.0
00-0034827,0.310926,0.310926,20.383299,20.383299,1033.0,61.0,3.0
00-0034857,0.066127,0.303731,21.281314,21.281314,0.0,11.0,3.0
00-0034791,0.170601,0.28594,18.680356,21.68104,31.0,1175.0,4.0
00-0034829,0.054878,0.14326,,21.913758,0.0,0.0,4.0
00-0034365,0.0,0.055556,,21.237509,0.0,0.0,2.0
00-0034383,0.014441,0.046183,,21.141684,31.0,0.0,3.0
00-0034798,0.002252,0.063,,22.064339,0.0,0.0,4.0
00-0034753,0.0,0.094032,,21.98768,0.0,0.0,3.0
00-0034351,0.244144,0.244144,21.661875,21.661875,96.0,0.0,3.0
00-0034348,0.046763,0.236841,20.895277,21.894593,0.0,0.0,4.0
00-0034272,0.178454,0.178454,,22.893908,723.0,108.0,3.0
00-0034439,0.006757,0.069172,,21.697467,0.0,0.0,4.0
00-0034487,,,,,,,
00-0034184,,,,,,,
00-0034613,,,,,,,
00-0035229,0.023649,0.153998,,21.163587,0.0,0.0,2.0
00-0035640,0.052083,0.094895,,20.714579,0.0,0.0,3.0
00-0035662,0.13936,0.13936,,21.242984,1167.0,0.0,2.0
00-0035228,0.191667,0.313002,21.067762,21.067762,0.0,0.0,3.0
00-0035700,0.094114,0.094114,,20.553046,100.0,477.0,2.0
00-0035704,0.144322,0.166667,,21.806982,20.0,237.0,4.0
00-0035644,0.023649,0.146701,,20.780287,0.0,0.0,3.0
00-0035676,0.026087,0.183305,,21.1718,0.0,0.0,3.0
00-0035710,0.076902,0.10367,,21.264887,25.0,487.0,3.0
00-0035719,0.073171,0.189998,,22.628337,0.0,0.0,4.0
00-0035685,0.061856,0.199363,,21.234771,0.0,0.0,3.0
00-0035689,0.033931,0.03879,,21.79603,284.0,0.0,2.0
00-0035140,0.022727,0.103716,,20.473648,0.0,0.0,2.0
00-0035659,0.102318,0.102318,,22.962355,551.0,0.0,3.0
00-0035216,0.009524,0.159205,,22.157426,0.0,0.0,3.0
00-0035406,,,,,,,
00-0034960,,,,,,,
00-0035261,0.09731,0.09731,,21.338809,458.0,443.0,3.0
00-0035500,,,,,,,
00-0035249,0.004902,0.123862,,21.448323,0.0,0.0,4.0
00-0034981,0.069358,0.069358,,21.322382,250.0,0.0,3.0
00-0034972,0.199929,0.199929,,20.202601,169.0,1327.0,3.0
00-0034975,0.14866,0.16865,,20.796715,68.0,877.0,3.0
00-0035631,0.02,0.061976,,22.376454,0.0,0.0,4.0
00-0035289,0.172043,0.306793,22.294319,22.294319,0.0,0.0,3.0
00-0035594,,,,,,,
00-0035537,0.071804,0.153421,,20.95551,22.0,506.0,4.0
00-0035100,,,,,,,
00-0035250,0.217786,0.246306,19.994524,20.99384,36.0,1257.0,3.0
00-0035264,0.121577,0.122711,,22.064339,87.0,166.0,3.0
00-0035535,0.091968,0.091968,,21.634497,458.0,0.0,3.0
00-0035243,0.050311,0.197958,,21.336071,0.0,3.0,3.0
00-0035359,,,,,,,
00-0035208,,,,,,,
00-0035298,0.24987,0.24987,21.086927,21.086927,1130.0,16.0,4.0
00-0035182,,,,,,,
00-0035021,,,,,,,
00-0035645,,,,,,,
00-0036212,0.088656,0.088656,,21.500342,553.0,81.0,3.0
00-0036442,0.202479,0.347725,21.724846,22.724162,0.0,0.0,4.0
00-0036407,0.145495,0.145495,,20.355921,879.0,0.0,3.0
00-0036358,0.00487,0.127672,,20.399726,12.0,0.0,3.0
00-0036357,0.096997,0.098043,,20.602327,586.0,75.0,3.0
00-0036275,0.153963,0.153963,,20.629706,216.0,1216.0,3.0
00-0036322,0.114947,0.152756,,20.210815,1152.0,0.0,3.0
00-0036355,0.203758,0.203758,21.478439,21.478439,0.0,172.0,4.0
00-0036410,0.189472,0.189472,,20.618754,1049.0,0.0,3.0
00-0036261,0.214711,0.214711,21.459274,21.459274,1192.0,6.0,2.0
00-0036264,0.089552,0.461538,19.830253,20.829569,0.0,-5.0,3.0
00-0036158,0.090164,0.271299,20.706366,20.706366,0.0,0.0,3.0
00-0036223,0.368253,0.368253,18.617385,20.616016,120.0,1908.0,3.0
00-0036252,0.08871,0.247333,21.905544,21.905544,0.0,0.0,4.0
00-0036360,0.082474,0.208773,20.391513,20.391513,0.0,0.0,3.0
00-0036290,0.0,0.076478,,20.479124,0.0,0.0,3.0
00-0036265,,,,,,,
00-0036331,0.029801,0.2675,21.968515,21.968515,0.0,0.0,4.0
00-0036244,0.0,0.094361,,20.648871,0.0,0.0,3.0
00-0036422,,,,,,,
00-0036389,0.144921,0.326143,18.069815,21.067762,0.0,4.0,4.0
00-0036425,,,,,,,
00-0036414,0.055457,0.193552,,20.194387,0.0,4.0,3.0
00-0036196,,,,,,,
00-0036328,0.099944,0.099944,,21.190965,618.0,350.0,2.0
00-0035806,,,,,,,
00-0036040,,,,,,,
00-0036139,,,,,,,
00-0036259,0.029412,0.284222,22.143737,22.143737,0.0,0.0,5.0
00-0036345,,,,,,,
00-0036429,0.008475,0.02163,,21.875428,0.0,0.0,4.0
00-0035993,,,,,,,
00-0036309,0.0,0.217169,20.84052,21.839836,0.0,0.0,4.0
00-0036182,,,,,,,
00-0036971,0.16083,0.16083,,20.906229,75.0,198.0,3.0
00-0036912,0.165052,0.166283,,21.798768,1043.0,11.0,4.0
00-0036613,0.073926,0.091667,,21.768652,516.0,12.0,3.0
00-0036972,0.269247,0.269247,21.990418,21.990418,407.0,49.0,3.0
00-0036893,0.293002,0.293002,22.483231,22.483231,249.0,1080.0,4.0
00-0037004,,,,,,,
00-0036590,,,,,,,
00-0037013,0.290389,0.290389,21.081451,21.081451,109.0,268.0,3.0
00-0036973,0.24729,0.24729,20.596851,21.598905,473.0,768.0,4.0
00-0036963,0.26293,0.26293,20.856947,20.856947,404.0,0.0,3.0
00-0036970,0.082731,0.082754,,19.904175,664.0,0.0,3.0
00-0036567,0.18706,0.18706,,22.335387,108.0,750.0,4.0
00-0036849,,,,,,,
00-0036900,0.004582,0.125624,,19.501711,18.0,0.0,2.0
00-0036919,0.199961,0.199961,,20.468172,532.0,1424.0,1.0
00-0036556,,,,,,,
00-0036554,0.109808,0.109808,,20.454483,665.0,0.0,3.0
00-0036550,0.194399,0.194399,,20.758385,472.0,0.0,3.0
00-0036898,0.160261,0.16931,,21.864476,0.0,70.0,3.0
00-0036626,0.090909,0.226114,20.835044,20.835044,0.0,0.0,3.0
00-0036997,0.288293,0.288293,20.353183,20.353183,305.0,1140.0,3.0
00-0036945,0.290651,0.290651,21.494867,21.494867,85.0,326.0,3.0
00-0036555,0.154059,0.371922,20.224504,21.226557,47.0,623.0,3.0
00-0036630,0.258242,0.258242,20.303901,21.305955,825.0,7.0,4.0
00-0036980,0.008929,0.218859,20.43258,20.43258,0.0,0.0,3.0
00-0036894,0.083784,0.083784,,21.853525,310.0,0.0,3.0
00-0036876,0.084409,0.085241,,22.433949,536.0,0.0,4.0
00-0036924,0.206263,0.206263,21.322382,21.322382,267.0,1245.0,4.0
00-0037012,,,,,,,
00-0036875,0.121295,0.121295,,22.521561,175.0,378.0,2.0
00-0036471,,,,,,,
00-0036988,0.11041,0.5,18.94319,20.944559,420.0,0.0,4.0
00-0037005,0.035639,0.035639,,20.249144,169.0,4.0,2.0
00-0036628,0.040456,0.040456,,22.819986,117.0,0.0,4.0
00-0036841,,,,,,,
00-0036637,0.045723,0.086207,,21.341547,217.0,3.0,4.0
00-0036887,0.0094,0.027817,,22.882957,26.0,0.0,4.0
00-0036775,,,,,,,
00-0036754,,,,,,,
00-0036497,,,,,,,
00-0038041,0.125796,0.243038,21.620808,22.620123,395.0,0.0,4.0
00-0038129,0.051838,0.242384,21.382615,22.38193,164.0,0.0,4.0
00-0037238,0.075,0.250165,19.107461,20.106776,0.0,0.0,3.0
00-0038098,0.343851,0.343851,22.726899,22.726899,8.0,138.0,1.0
00-0037666,0.0625,0.353829,21.511294,22.510609,0.0,0.0,4.0
00-0037741,0.218718,0.218718,21.445585,21.445585,1048.0,18.0,4.0
00-0037816,0.241453,0.325538,20.386037,21.385352,1037.0,4.0,4.0
00-0037157,,,,,,,
00-0037837,0.193771,0.193771,,22.442163,844.0,69.0,4.0
00-0038117,0.219714,0.219714,20.654346,20.654346,1168.0,111.0,3.0
00-0038046,0.120685,0.147201,,22.557153,478.0,0.0,4.0
00-0037258,0.156888,0.156888,,21.533196,206.0,515.0,4.0
00-0037744,0.180009,0.207301,20.77755,21.776865,884.0,69.0,4.0
00-0037838,0.164765,0.164765,,21.371663,605.0,10.0,4.0
00-0037263,0.302162,0.302162,21.379877,21.379877,165.0,1196.0,4.0
00-0037261,0.267008,0.338273,20.577687,21.577002,1083.0,129.0,4.0
00-0037742,0.223182,0.223182,21.442847,21.442847,1069.0,114.0,3.0
00-0037256,0.234999,0.302488,21.637235,22.63655,0.0,5.0,2.0
00-0037247,0.007351,0.093088,,20.495551,46.0,0.0,3.0
00-0037248,0.122224,0.122224,,21.935661,157.0,619.0,4.0
00-0038040,0.146097,0.241452,20.95551,21.954825,65.0,716.0,3.0
00-0037664,0.122048,0.128041,,21.333333,796.0,0.0,3.0
00-0037267,0.225238,0.225238,21.971253,21.971253,209.0,1238.0,4.0
00-0037239,0.184578,0.244383,20.180698,21.180014,754.0,0.0,4.0
00-0037805,0.051158,0.071648,,21.05681,249.0,0.0,4.0
00-0037740,0.118332,0.206797,20.112252,21.111567,970.0,76.0,3.0
00-0037614,0.17748,0.17748,,21.122519,1084.0,8.0,3.0
00-0037240,0.257676,0.257676,20.435318,20.435318,1356.0,5.0,3.0
00-0037840,0.240541,0.251747,20.016427,21.015743,359.0,1000.0,3.0
00-0038134,0.347712,0.347712,19.865845,20.865161,99.0,1595.0,3.0
00-0037746,0.214721,0.214721,22.447639,22.447639,268.0,1071.0,5.0
00-0038120,0.39047,0.39047,19.255305,20.25462,269.0,1419.0,3.0
00-0038102,0.260563,0.353226,22.239562,23.238877,0.0,0.0,5.0
00-0038128,0.482475,0.482475,21.273101,22.272416,60.0,1011.0,4.0
00-0037077,0.347357,0.347357,20.958248,20.958248,170.0,1051.0,3.0
00-0038124,,,,,,,
00-0038090,0.0,0.184483,,20.974675,0.0,0.0,3.0
00-0037252,0.146071,0.192907,,21.434634,721.0,0.0,4.0
00-0037086,0.103677,0.103677,,22.743326,494.0,0.0,4.0
00-0037355,,,,,,,
00-0037291,0.165318,0.210662,21.50308,22.502396,591.0,-3.0,4.0
00-0037304,0.060347,0.139051,,22.609172,287.0,0.0,5.0
00-0037834,0.180314,0.19129,,21.68104,88.0,337.0,4.0
00-0038104,0.171513,0.171513,,21.067762,892.0,0.0,4.0
00-0037557,,,,,,,
00-0037231,,,,,,,
00-0037091,0.152649,0.209208,21.292266,22.291581,628.0,70.0,5.0
00-0037197,,,,,,,
00-0037120,,,,,,,
00-0037085,0.37377,0.37377,22.565366,22.565366,330.0,1613.0,4.0
00-0037809,,,,,,,
00-0037755,0.139171,0.139171,,22.896646,591.0,1.0,4.0
00-0037509,,,,,,,
00-0038115,0.062198,0.085871,,20.941821,206.0,2.0,3.0
00-0037228,,,,,,,
00-0037276,0.233682,0.233682,23.307324,23.307324,208.0,1067.0,5.0
00-0037594,,,,,,,
00-0028118,,,,,,,
00-0027973,,,,,,,
00-0037525,,,,,,,
00-0037292,0.047445,0.047445,,23.096509,13.0,0.0,1.0
00-0037093,,,,,,,
00-0037475,,,,,,,
00-0037545,,,,,,,
00-0037112,,,,,,,
00-0037563,,,,,,,
00-0037801,,,,,,,
00-0039139,0.153547,0.170877,,20.451745,334.0,850.0,3.0
00-0038597,0.262184,0.262184,21.448323,22.447639,222.0,1534.0,5.0
00-0038555,0.237648,0.237648,18.006845,20.005476,168.0,917.0,3.0
00-0039040,0.080578,0.310584,19.88501,20.884326,0.0,12.0,3.0
00-0038389,0.126582,0.309808,19.906913,19.906913,0.0,-1.0,3.0
00-0039150,0.072769,0.072769,,21.103354,174.0,308.0,3.0
00-0039164,0.129552,0.129552,,20.279261,81.0,730.0,3.0
00-0038400,0.013889,0.165891,,22.346338,0.0,0.0,3.0
00-0038558,0.056199,0.056199,,21.040383,417.0,0.0,3.0
00-0038935,0.057249,0.057249,,21.678303,338.0,0.0,4.0
00-0039144,0.036204,0.054733,,21.995893,169.0,0.0,4.0
00-0039066,0.186113,0.186113,,21.155373,687.0,0.0,3.0
00-0038996,0.046639,0.046639,,21.826146,115.0,0.0,1.0
00-0038393,0.0,0.125243,,21.21013,0.0,0.0,3.0
00-0038606,0.103489,0.127838,,20.449008,611.0,8.0,3.0
00-0038543,0.006079,0.189209,,20.544832,43.0,0.0,3.0
00-0039052,0.198469,0.198469,,21.415469,1063.0,75.0,4.0
00-0039075,0.01812,0.14362,,21.259411,6.0,0.0,4.0
00-0038976,0.0,0.144713,,20.454483,0.0,0.0,3.0
00-0038938,0.120096,0.120096,,20.933607,955.0,0.0,3.0
00-0038477,,,,,,,
00-0038997,0.121389,0.198845,,21.054073,1000.0,0.0,3.0
00-0038621,0.221595,0.221595,21.730322,21.730322,990.0,105.0,4.0
00-0038977,,,,,,,
00-0038608,0.07797,0.199184,,20.320329,533.0,41.0,3.0
00-0038622,0.190041,0.339717,18.830938,20.829569,384.0,1449.0,3.0
00-0038951,,,,,,,
00-0039032,0.276828,0.276828,20.213552,21.212868,231.0,1349.0,4.0
00-0038542,0.379753,0.379753,19.586585,20.5859,314.0,1577.0,3.0
00-0038454,,,,,,,
00-0023459,,,,,,,
00-0039165,0.222118,0.249668,20.646133,21.645448,336.0,1368.0,4.0
00-0038544,0.108362,0.166667,,20.985626,762.0,-7.0,3.0
00-0038994,0.12901,0.174565,,20.594114,748.0,33.0,3.0
00-0038551,0.236253,0.236253,20.224504,20.224504,120.0,1347.0,3.0
00-0039163,0.137353,0.165743,,20.911704,93.0,136.0,2.0
00-0039064,,,,,,,
00-0039152,0.176565,0.204524,22.182067,23.181383,9.0,126.0,4.0
